INSERT [dbo].[AspNetRoles] ([Id], [Name]) VALUES (N'd1c1218e-dc87-495c-add8-48e445fd7c46', N'admin')
INSERT [dbo].[AspNetRoles] ([Id], [Name]) VALUES (N'd85784e4-1500-421f-a1ee-4c2b48da488f', N'buyer')
INSERT [dbo].[AspNetRoles] ([Id], [Name]) VALUES (N'4469deac-1047-49d1-bdf6-fe946acc3813', N'contentManager')
INSERT [dbo].[AspNetRoles] ([Id], [Name]) VALUES (N'ce5b143c-3e7a-4517-bb4d-18e7f211db5c', N'marketer')
INSERT [dbo].[AspNetRoles] ([Id], [Name]) VALUES (N'759b60db-0976-4ec1-88f0-0418db488ee5', N'region')
INSERT [dbo].[AspNetRoles] ([Id], [Name]) VALUES (N'96ae64ad-d797-400d-b732-62dfe09c1185', N'saller')
INSERT [dbo].[AspNetRoles] ([Id], [Name]) VALUES (N'092bf1e7-c57a-45b3-807c-a3af78cb1218', N'salonSaller')
INSERT [dbo].[AspNetRoles] ([Id], [Name]) VALUES (N'8d5e4d92-d027-44e4-95ff-45cf3cc192fe', N'shopSaller')
INSERT [dbo].[AspNetRoles] ([Id], [Name]) VALUES (N'37F38A09-31A7-4517-BF48-77D93493F402', N'anonym')
INSERT [dbo].[AspNetUsers] ([Id], [JoinDate], [Email], [EmailConfirmed], [PasswordHash], [SecurityStamp], [PhoneNumber], [PhoneNumberConfirmed], [TwoFactorEnabled], [LockoutEndDateUtc], [LockoutEnabled], [AccessFailedCount], [UserName], [IsPasswordTemp]) VALUES (N'0aa0790f-b253-47b4-8567-97243040328e', CAST(N'2016-11-02 00:00:00.000' AS DateTime), N'TestEmail16@mai.ru', 1, N'AHaqAzx0PRwUWv0X4hOtpzHFOWiRJQoncS8cmWOzPhDkk23V2bcIexq8+AvkzYBQLg==', N'49e4d79e-3c79-43f2-b634-af72d118fee9', NULL, 0, 0, NULL, 0, 0, N'User16', 0)
INSERT [dbo].[AspNetUsers] ([Id], [JoinDate], [Email], [EmailConfirmed], [PasswordHash], [SecurityStamp], [PhoneNumber], [PhoneNumberConfirmed], [TwoFactorEnabled], [LockoutEndDateUtc], [LockoutEnabled], [AccessFailedCount], [UserName], [IsPasswordTemp]) VALUES (N'0b5247e5-ab64-4865-8c95-ef98f18b9db0', CAST(N'2016-11-02 00:00:00.000' AS DateTime), N'TestEmail7@mai.ru', 0, N'AHaqAzx0PRwUWv0X4hOtpzHFOWiRJQoncS8cmWOzPhDkk23V2bcIexq8+AvkzYBQLg==', N'49e4d79e-3c79-43f2-b634-af72d118fee9', NULL, 0, 0, NULL, 0, 0, N'User07', 0)
INSERT [dbo].[AspNetUsers] ([Id], [JoinDate], [Email], [EmailConfirmed], [PasswordHash], [SecurityStamp], [PhoneNumber], [PhoneNumberConfirmed], [TwoFactorEnabled], [LockoutEndDateUtc], [LockoutEnabled], [AccessFailedCount], [UserName], [IsPasswordTemp]) VALUES (N'2b111d8f-05f0-4fa6-b036-b75b9ced07a8', CAST(N'2016-11-03 00:22:29.183' AS DateTime), N'kobyb@mail.ru', 1, N'APqdsbR1J6+xbXQbrlWlKqJh69CbJAYp98jXxUBWW4AvJGBxezLyDb/+pIjbeK/2HA==', N'e6bd7d35-e873-4de9-afbf-988b8c4b4a4a', NULL, 0, 0, NULL, 0, 0, N'admin', 0)
INSERT [dbo].[AspNetUsers] ([Id], [JoinDate], [Email], [EmailConfirmed], [PasswordHash], [SecurityStamp], [PhoneNumber], [PhoneNumberConfirmed], [TwoFactorEnabled], [LockoutEndDateUtc], [LockoutEnabled], [AccessFailedCount], [UserName], [IsPasswordTemp]) VALUES (N'38f1a6a4-75f6-4c73-b53e-d2d83104856c', CAST(N'2016-11-02 00:00:00.000' AS DateTime), N'TestEmail19@mai.ru', 1, N'AHaqAzx0PRwUWv0X4hOtpzHFOWiRJQoncS8cmWOzPhDkk23V2bcIexq8+AvkzYBQLg==', N'49e4d79e-3c79-43f2-b634-af72d118fee9', NULL, 0, 0, NULL, 0, 0, N'User19', 0)
INSERT [dbo].[AspNetUsers] ([Id], [JoinDate], [Email], [EmailConfirmed], [PasswordHash], [SecurityStamp], [PhoneNumber], [PhoneNumberConfirmed], [TwoFactorEnabled], [LockoutEndDateUtc], [LockoutEnabled], [AccessFailedCount], [UserName], [IsPasswordTemp]) VALUES (N'3baac271-c95b-4317-a3f8-4e113daf634e', CAST(N'2016-11-02 00:00:00.000' AS DateTime), N'TestEmail14@mai.ru', 0, N'AHaqAzx0PRwUWv0X4hOtpzHFOWiRJQoncS8cmWOzPhDkk23V2bcIexq8+AvkzYBQLg==', N'49e4d79e-3c79-43f2-b634-af72d118fee9', NULL, 0, 0, NULL, 0, 0, N'User14', 0)
INSERT [dbo].[AspNetUsers] ([Id], [JoinDate], [Email], [EmailConfirmed], [PasswordHash], [SecurityStamp], [PhoneNumber], [PhoneNumberConfirmed], [TwoFactorEnabled], [LockoutEndDateUtc], [LockoutEnabled], [AccessFailedCount], [UserName], [IsPasswordTemp]) VALUES (N'3cc7f304-d150-47db-8e19-a635e0c89d4c', CAST(N'2016-11-02 00:00:00.000' AS DateTime), N'TestEmail30@mai.ru', 1, N'AHaqAzx0PRwUWv0X4hOtpzHFOWiRJQoncS8cmWOzPhDkk23V2bcIexq8+AvkzYBQLg==', N'49e4d79e-3c79-43f2-b634-af72d118fee9', NULL, 0, 0, NULL, 0, 0, N'User30', 0)
INSERT [dbo].[AspNetUsers] ([Id], [JoinDate], [Email], [EmailConfirmed], [PasswordHash], [SecurityStamp], [PhoneNumber], [PhoneNumberConfirmed], [TwoFactorEnabled], [LockoutEndDateUtc], [LockoutEnabled], [AccessFailedCount], [UserName], [IsPasswordTemp]) VALUES (N'418c8806-5826-4e91-b068-30ddcbc0f72a', CAST(N'2016-11-02 00:00:00.000' AS DateTime), N'TestEmail21@mai.ru', 1, N'AHaqAzx0PRwUWv0X4hOtpzHFOWiRJQoncS8cmWOzPhDkk23V2bcIexq8+AvkzYBQLg==', N'49e4d79e-3c79-43f2-b634-af72d118fee9', NULL, 0, 0, NULL, 0, 0, N'User21', 0)
INSERT [dbo].[AspNetUsers] ([Id], [JoinDate], [Email], [EmailConfirmed], [PasswordHash], [SecurityStamp], [PhoneNumber], [PhoneNumberConfirmed], [TwoFactorEnabled], [LockoutEndDateUtc], [LockoutEnabled], [AccessFailedCount], [UserName], [IsPasswordTemp]) VALUES (N'4e6ab987-a627-4c5e-9a40-14224fb9e5f0', CAST(N'2016-11-02 00:00:00.000' AS DateTime), N'TestEmail6@mai.ru', 0, N'AHaqAzx0PRwUWv0X4hOtpzHFOWiRJQoncS8cmWOzPhDkk23V2bcIexq8+AvkzYBQLg==', N'49e4d79e-3c79-43f2-b634-af72d118fee9', NULL, 0, 0, NULL, 0, 0, N'User06', 0)
INSERT [dbo].[AspNetUsers] ([Id], [JoinDate], [Email], [EmailConfirmed], [PasswordHash], [SecurityStamp], [PhoneNumber], [PhoneNumberConfirmed], [TwoFactorEnabled], [LockoutEndDateUtc], [LockoutEnabled], [AccessFailedCount], [UserName], [IsPasswordTemp]) VALUES (N'56fd2065-f848-41b0-b43c-e2a61a3021cc', CAST(N'2016-11-02 00:00:00.000' AS DateTime), N'TestEmail15@mai.ru', 0, N'AHaqAzx0PRwUWv0X4hOtpzHFOWiRJQoncS8cmWOzPhDkk23V2bcIexq8+AvkzYBQLg==', N'49e4d79e-3c79-43f2-b634-af72d118fee9', NULL, 0, 0, NULL, 0, 0, N'User15', 0)
INSERT [dbo].[AspNetUsers] ([Id], [JoinDate], [Email], [EmailConfirmed], [PasswordHash], [SecurityStamp], [PhoneNumber], [PhoneNumberConfirmed], [TwoFactorEnabled], [LockoutEndDateUtc], [LockoutEnabled], [AccessFailedCount], [UserName], [IsPasswordTemp]) VALUES (N'59bff676-a28d-4905-8afa-91f303d26077', CAST(N'2016-11-02 00:00:00.000' AS DateTime), N'TestEmail24@mai.ru', 1, N'AHaqAzx0PRwUWv0X4hOtpzHFOWiRJQoncS8cmWOzPhDkk23V2bcIexq8+AvkzYBQLg==', N'49e4d79e-3c79-43f2-b634-af72d118fee9', NULL, 0, 0, NULL, 0, 0, N'User24', 0)
INSERT [dbo].[AspNetUsers] ([Id], [JoinDate], [Email], [EmailConfirmed], [PasswordHash], [SecurityStamp], [PhoneNumber], [PhoneNumberConfirmed], [TwoFactorEnabled], [LockoutEndDateUtc], [LockoutEnabled], [AccessFailedCount], [UserName], [IsPasswordTemp]) VALUES (N'5a78746b-92b1-48b1-a407-2f4ff50f2a7d', CAST(N'2016-11-02 00:00:00.000' AS DateTime), N'TestEmail4@mai.ru', 0, N'AHaqAzx0PRwUWv0X4hOtpzHFOWiRJQoncS8cmWOzPhDkk23V2bcIexq8+AvkzYBQLg==', N'49e4d79e-3c79-43f2-b634-af72d118fee9', NULL, 0, 0, NULL, 0, 0, N'User04', 0)
INSERT [dbo].[AspNetUsers] ([Id], [JoinDate], [Email], [EmailConfirmed], [PasswordHash], [SecurityStamp], [PhoneNumber], [PhoneNumberConfirmed], [TwoFactorEnabled], [LockoutEndDateUtc], [LockoutEnabled], [AccessFailedCount], [UserName], [IsPasswordTemp]) VALUES (N'5cd0a388-d850-4e97-ab23-bdaa436db9ef', CAST(N'2016-11-02 00:00:00.000' AS DateTime), N'TestEmail31@mai.ru', 1, N'AHaqAzx0PRwUWv0X4hOtpzHFOWiRJQoncS8cmWOzPhDkk23V2bcIexq8+AvkzYBQLg==', N'49e4d79e-3c79-43f2-b634-af72d118fee9', NULL, 0, 0, NULL, 0, 0, N'User31', 0)
INSERT [dbo].[AspNetUsers] ([Id], [JoinDate], [Email], [EmailConfirmed], [PasswordHash], [SecurityStamp], [PhoneNumber], [PhoneNumberConfirmed], [TwoFactorEnabled], [LockoutEndDateUtc], [LockoutEnabled], [AccessFailedCount], [UserName], [IsPasswordTemp]) VALUES (N'643102bc-7387-4846-8016-a02c944341d7', CAST(N'2016-11-02 00:00:00.000' AS DateTime), N'TestEmail5@mai.ru', 0, N'AHaqAzx0PRwUWv0X4hOtpzHFOWiRJQoncS8cmWOzPhDkk23V2bcIexq8+AvkzYBQLg==', N'49e4d79e-3c79-43f2-b634-af72d118fee9', NULL, 0, 0, NULL, 0, 0, N'User05', 0)
INSERT [dbo].[AspNetUsers] ([Id], [JoinDate], [Email], [EmailConfirmed], [PasswordHash], [SecurityStamp], [PhoneNumber], [PhoneNumberConfirmed], [TwoFactorEnabled], [LockoutEndDateUtc], [LockoutEnabled], [AccessFailedCount], [UserName], [IsPasswordTemp]) VALUES (N'6653be1e-8476-4ef6-b032-86d3ed4009f8', CAST(N'2016-11-02 00:00:00.000' AS DateTime), N'TestEmail20@mai.ru', 1, N'AHaqAzx0PRwUWv0X4hOtpzHFOWiRJQoncS8cmWOzPhDkk23V2bcIexq8+AvkzYBQLg==', N'49e4d79e-3c79-43f2-b634-af72d118fee9', NULL, 0, 0, NULL, 0, 0, N'User20', 0)
INSERT [dbo].[AspNetUsers] ([Id], [JoinDate], [Email], [EmailConfirmed], [PasswordHash], [SecurityStamp], [PhoneNumber], [PhoneNumberConfirmed], [TwoFactorEnabled], [LockoutEndDateUtc], [LockoutEnabled], [AccessFailedCount], [UserName], [IsPasswordTemp]) VALUES (N'6b9c85c1-c29c-4593-af1d-9b8711e9579e', CAST(N'2016-11-02 00:00:00.000' AS DateTime), N'TestEmail11@mai.ru', 0, N'AHaqAzx0PRwUWv0X4hOtpzHFOWiRJQoncS8cmWOzPhDkk23V2bcIexq8+AvkzYBQLg==', N'49e4d79e-3c79-43f2-b634-af72d118fee9', NULL, 0, 0, NULL, 0, 0, N'User11', 0)
INSERT [dbo].[AspNetUsers] ([Id], [JoinDate], [Email], [EmailConfirmed], [PasswordHash], [SecurityStamp], [PhoneNumber], [PhoneNumberConfirmed], [TwoFactorEnabled], [LockoutEndDateUtc], [LockoutEnabled], [AccessFailedCount], [UserName], [IsPasswordTemp]) VALUES (N'6fb2cb42-bcff-42b5-9a3a-7626cb8c8a84', CAST(N'2016-11-02 00:00:00.000' AS DateTime), N'TestEmail12@mai.ru', 0, N'AHaqAzx0PRwUWv0X4hOtpzHFOWiRJQoncS8cmWOzPhDkk23V2bcIexq8+AvkzYBQLg==', N'49e4d79e-3c79-43f2-b634-af72d118fee9', NULL, 0, 0, NULL, 0, 0, N'User12', 0)
INSERT [dbo].[AspNetUsers] ([Id], [JoinDate], [Email], [EmailConfirmed], [PasswordHash], [SecurityStamp], [PhoneNumber], [PhoneNumberConfirmed], [TwoFactorEnabled], [LockoutEndDateUtc], [LockoutEnabled], [AccessFailedCount], [UserName], [IsPasswordTemp]) VALUES (N'80cc7010-f71f-4e1a-bf7d-b6d20307bd5a', CAST(N'2016-11-02 00:00:00.000' AS DateTime), N'TestEmailRegion1@mai.ru', 1, N'AHaqAzx0PRwUWv0X4hOtpzHFOWiRJQoncS8cmWOzPhDkk23V2bcIexq8+AvkzYBQLg==', N'49e4d79e-3c79-43f2-b634-af72d118fee9', NULL, 0, 0, NULL, 0, 0, N'Region01', 0)
INSERT [dbo].[AspNetUsers] ([Id], [JoinDate], [Email], [EmailConfirmed], [PasswordHash], [SecurityStamp], [PhoneNumber], [PhoneNumberConfirmed], [TwoFactorEnabled], [LockoutEndDateUtc], [LockoutEnabled], [AccessFailedCount], [UserName], [IsPasswordTemp]) VALUES (N'82097fba-62f3-4f7f-9189-5c38d825bb24', CAST(N'2016-11-02 00:00:00.000' AS DateTime), N'TestEmail8@mai.ru', 0, N'AHaqAzx0PRwUWv0X4hOtpzHFOWiRJQoncS8cmWOzPhDkk23V2bcIexq8+AvkzYBQLg==', N'49e4d79e-3c79-43f2-b634-af72d118fee9', NULL, 0, 0, NULL, 0, 0, N'User08', 0)
INSERT [dbo].[AspNetUsers] ([Id], [JoinDate], [Email], [EmailConfirmed], [PasswordHash], [SecurityStamp], [PhoneNumber], [PhoneNumberConfirmed], [TwoFactorEnabled], [LockoutEndDateUtc], [LockoutEnabled], [AccessFailedCount], [UserName], [IsPasswordTemp]) VALUES (N'82561a23-c6f0-4c18-8255-23a6bcbbdd03', CAST(N'2016-11-02 00:00:00.000' AS DateTime), N'TestEmail18@mai.ru', 1, N'AHaqAzx0PRwUWv0X4hOtpzHFOWiRJQoncS8cmWOzPhDkk23V2bcIexq8+AvkzYBQLg==', N'49e4d79e-3c79-43f2-b634-af72d118fee9', NULL, 0, 0, NULL, 0, 0, N'User18', 0)
INSERT [dbo].[AspNetUsers] ([Id], [JoinDate], [Email], [EmailConfirmed], [PasswordHash], [SecurityStamp], [PhoneNumber], [PhoneNumberConfirmed], [TwoFactorEnabled], [LockoutEndDateUtc], [LockoutEnabled], [AccessFailedCount], [UserName], [IsPasswordTemp]) VALUES (N'8b79baf7-3cd6-461a-aae1-152da69ab711', CAST(N'2016-11-02 00:00:00.000' AS DateTime), N'TestEmail3@mai.ru', 0, N'AHaqAzx0PRwUWv0X4hOtpzHFOWiRJQoncS8cmWOzPhDkk23V2bcIexq8+AvkzYBQLg==', N'49e4d79e-3c79-43f2-b634-af72d118fee9', NULL, 0, 0, NULL, 0, 0, N'User03', 0)
INSERT [dbo].[AspNetUsers] ([Id], [JoinDate], [Email], [EmailConfirmed], [PasswordHash], [SecurityStamp], [PhoneNumber], [PhoneNumberConfirmed], [TwoFactorEnabled], [LockoutEndDateUtc], [LockoutEnabled], [AccessFailedCount], [UserName], [IsPasswordTemp]) VALUES (N'90a7be6e-b39c-41df-9bd6-25e8a3bd143f', CAST(N'2016-11-02 00:00:00.000' AS DateTime), N'TestEmail25@mai.ru', 1, N'AHaqAzx0PRwUWv0X4hOtpzHFOWiRJQoncS8cmWOzPhDkk23V2bcIexq8+AvkzYBQLg==', N'49e4d79e-3c79-43f2-b634-af72d118fee9', NULL, 0, 0, NULL, 0, 0, N'User25', 0)
INSERT [dbo].[AspNetUsers] ([Id], [JoinDate], [Email], [EmailConfirmed], [PasswordHash], [SecurityStamp], [PhoneNumber], [PhoneNumberConfirmed], [TwoFactorEnabled], [LockoutEndDateUtc], [LockoutEnabled], [AccessFailedCount], [UserName], [IsPasswordTemp]) VALUES (N'921f245d-331b-4c84-ad73-57539f039224', CAST(N'2016-11-02 00:00:00.000' AS DateTime), N'TestEmail17@mai.ru', 1, N'AHaqAzx0PRwUWv0X4hOtpzHFOWiRJQoncS8cmWOzPhDkk23V2bcIexq8+AvkzYBQLg==', N'49e4d79e-3c79-43f2-b634-af72d118fee9', NULL, 0, 0, NULL, 0, 0, N'User17', 0)
INSERT [dbo].[AspNetUsers] ([Id], [JoinDate], [Email], [EmailConfirmed], [PasswordHash], [SecurityStamp], [PhoneNumber], [PhoneNumberConfirmed], [TwoFactorEnabled], [LockoutEndDateUtc], [LockoutEnabled], [AccessFailedCount], [UserName], [IsPasswordTemp]) VALUES (N'944d1a0e-1af9-495b-b927-75519d9fcfa9', CAST(N'2016-11-02 00:00:00.000' AS DateTime), N'TestEmail28@mai.ru', 1, N'AHaqAzx0PRwUWv0X4hOtpzHFOWiRJQoncS8cmWOzPhDkk23V2bcIexq8+AvkzYBQLg==', N'49e4d79e-3c79-43f2-b634-af72d118fee9', NULL, 0, 0, NULL, 0, 0, N'User28', 0)
INSERT [dbo].[AspNetUsers] ([Id], [JoinDate], [Email], [EmailConfirmed], [PasswordHash], [SecurityStamp], [PhoneNumber], [PhoneNumberConfirmed], [TwoFactorEnabled], [LockoutEndDateUtc], [LockoutEnabled], [AccessFailedCount], [UserName], [IsPasswordTemp]) VALUES (N'95317887-201f-429f-9874-cd5aeecbd6d8', CAST(N'2016-11-02 00:00:00.000' AS DateTime), N'TestEmail22@mai.ru', 1, N'AHaqAzx0PRwUWv0X4hOtpzHFOWiRJQoncS8cmWOzPhDkk23V2bcIexq8+AvkzYBQLg==', N'49e4d79e-3c79-43f2-b634-af72d118fee9', NULL, 0, 0, NULL, 0, 0, N'User22', 0)
INSERT [dbo].[AspNetUsers] ([Id], [JoinDate], [Email], [EmailConfirmed], [PasswordHash], [SecurityStamp], [PhoneNumber], [PhoneNumberConfirmed], [TwoFactorEnabled], [LockoutEndDateUtc], [LockoutEnabled], [AccessFailedCount], [UserName], [IsPasswordTemp]) VALUES (N'98d0f735-591c-4b4d-9d0b-441955d78bde', CAST(N'2016-11-02 00:00:00.000' AS DateTime), N'TestEmail23@mai.ru', 1, N'AHaqAzx0PRwUWv0X4hOtpzHFOWiRJQoncS8cmWOzPhDkk23V2bcIexq8+AvkzYBQLg==', N'49e4d79e-3c79-43f2-b634-af72d118fee9', NULL, 0, 0, NULL, 0, 0, N'User23', 0)
INSERT [dbo].[AspNetUsers] ([Id], [JoinDate], [Email], [EmailConfirmed], [PasswordHash], [SecurityStamp], [PhoneNumber], [PhoneNumberConfirmed], [TwoFactorEnabled], [LockoutEndDateUtc], [LockoutEnabled], [AccessFailedCount], [UserName], [IsPasswordTemp]) VALUES (N'99ef8fac-a306-49e9-aed0-9e1baa5c1962', CAST(N'2016-11-02 00:00:00.000' AS DateTime), N'TestEmail13@mai.ru', 0, N'AHaqAzx0PRwUWv0X4hOtpzHFOWiRJQoncS8cmWOzPhDkk23V2bcIexq8+AvkzYBQLg==', N'49e4d79e-3c79-43f2-b634-af72d118fee9', NULL, 0, 0, NULL, 0, 0, N'User13', 0)
INSERT [dbo].[AspNetUsers] ([Id], [JoinDate], [Email], [EmailConfirmed], [PasswordHash], [SecurityStamp], [PhoneNumber], [PhoneNumberConfirmed], [TwoFactorEnabled], [LockoutEndDateUtc], [LockoutEnabled], [AccessFailedCount], [UserName], [IsPasswordTemp]) VALUES (N'9a41ff53-d618-4a01-a903-2fd6ced65b61', CAST(N'2016-11-02 00:00:00.000' AS DateTime), N'TestEmailRegion2@mai.ru', 1, N'AHaqAzx0PRwUWv0X4hOtpzHFOWiRJQoncS8cmWOzPhDkk23V2bcIexq8+AvkzYBQLg==', N'49e4d79e-3c79-43f2-b634-af72d118fee9', NULL, 0, 0, NULL, 0, 0, N'Region02', 0)
INSERT [dbo].[AspNetUsers] ([Id], [JoinDate], [Email], [EmailConfirmed], [PasswordHash], [SecurityStamp], [PhoneNumber], [PhoneNumberConfirmed], [TwoFactorEnabled], [LockoutEndDateUtc], [LockoutEnabled], [AccessFailedCount], [UserName], [IsPasswordTemp]) VALUES (N'a3a6bf3f-5e0c-4437-bbe2-132548376b77', CAST(N'2016-11-02 00:00:00.000' AS DateTime), N'TestEmail26@mai.ru', 1, N'AHaqAzx0PRwUWv0X4hOtpzHFOWiRJQoncS8cmWOzPhDkk23V2bcIexq8+AvkzYBQLg==', N'49e4d79e-3c79-43f2-b634-af72d118fee9', NULL, 0, 0, NULL, 0, 0, N'User26', 0)
INSERT [dbo].[AspNetUsers] ([Id], [JoinDate], [Email], [EmailConfirmed], [PasswordHash], [SecurityStamp], [PhoneNumber], [PhoneNumberConfirmed], [TwoFactorEnabled], [LockoutEndDateUtc], [LockoutEnabled], [AccessFailedCount], [UserName], [IsPasswordTemp]) VALUES (N'a4834074-3e48-448e-9173-4be30855b142', CAST(N'2016-11-02 00:00:00.000' AS DateTime), N'TestEmail32@mai.ru', 1, N'AHaqAzx0PRwUWv0X4hOtpzHFOWiRJQoncS8cmWOzPhDkk23V2bcIexq8+AvkzYBQLg==', N'49e4d79e-3c79-43f2-b634-af72d118fee9', NULL, 0, 0, NULL, 0, 0, N'User32', 0)
INSERT [dbo].[AspNetUsers] ([Id], [JoinDate], [Email], [EmailConfirmed], [PasswordHash], [SecurityStamp], [PhoneNumber], [PhoneNumberConfirmed], [TwoFactorEnabled], [LockoutEndDateUtc], [LockoutEnabled], [AccessFailedCount], [UserName], [IsPasswordTemp]) VALUES (N'c7f1d435-c0e0-4e27-bbb7-23b3bc040282', CAST(N'2016-11-02 00:00:00.000' AS DateTime), N'TestEmail2@mai.ru', 0, N'AHaqAzx0PRwUWv0X4hOtpzHFOWiRJQoncS8cmWOzPhDkk23V2bcIexq8+AvkzYBQLg==', N'49e4d79e-3c79-43f2-b634-af72d118fee9', NULL, 0, 0, NULL, 0, 0, N'User02', 0)
INSERT [dbo].[AspNetUsers] ([Id], [JoinDate], [Email], [EmailConfirmed], [PasswordHash], [SecurityStamp], [PhoneNumber], [PhoneNumberConfirmed], [TwoFactorEnabled], [LockoutEndDateUtc], [LockoutEnabled], [AccessFailedCount], [UserName], [IsPasswordTemp]) VALUES (N'dd24fee4-d8f8-4722-8b9a-49fd7036ca9b', CAST(N'2016-11-02 00:00:00.000' AS DateTime), N'TestEmail1@mai.ru', 0, N'AHaqAzx0PRwUWv0X4hOtpzHFOWiRJQoncS8cmWOzPhDkk23V2bcIexq8+AvkzYBQLg==', N'49e4d79e-3c79-43f2-b634-af72d118fee9', NULL, 0, 0, NULL, 0, 0, N'User01', 0)
INSERT [dbo].[AspNetUsers] ([Id], [JoinDate], [Email], [EmailConfirmed], [PasswordHash], [SecurityStamp], [PhoneNumber], [PhoneNumberConfirmed], [TwoFactorEnabled], [LockoutEndDateUtc], [LockoutEnabled], [AccessFailedCount], [UserName], [IsPasswordTemp]) VALUES (N'ddb02bba-4386-4e61-9f89-dbc0052d50f0', CAST(N'2016-11-02 00:00:00.000' AS DateTime), N'TestEmail29@mai.ru', 1, N'AHaqAzx0PRwUWv0X4hOtpzHFOWiRJQoncS8cmWOzPhDkk23V2bcIexq8+AvkzYBQLg==', N'49e4d79e-3c79-43f2-b634-af72d118fee9', NULL, 0, 0, NULL, 0, 0, N'User29', 0)
INSERT [dbo].[AspNetUsers] ([Id], [JoinDate], [Email], [EmailConfirmed], [PasswordHash], [SecurityStamp], [PhoneNumber], [PhoneNumberConfirmed], [TwoFactorEnabled], [LockoutEndDateUtc], [LockoutEnabled], [AccessFailedCount], [UserName], [IsPasswordTemp]) VALUES (N'eab5e1d4-082f-4938-8a0e-e401f364fc38', CAST(N'2016-11-02 00:00:00.000' AS DateTime), N'TestEmail9@mai.ru', 0, N'AHaqAzx0PRwUWv0X4hOtpzHFOWiRJQoncS8cmWOzPhDkk23V2bcIexq8+AvkzYBQLg==', N'49e4d79e-3c79-43f2-b634-af72d118fee9', NULL, 0, 0, NULL, 0, 0, N'User09', 0)
INSERT [dbo].[AspNetUsers] ([Id], [JoinDate], [Email], [EmailConfirmed], [PasswordHash], [SecurityStamp], [PhoneNumber], [PhoneNumberConfirmed], [TwoFactorEnabled], [LockoutEndDateUtc], [LockoutEnabled], [AccessFailedCount], [UserName], [IsPasswordTemp]) VALUES (N'ef2ba75d-1c31-4a46-9b20-df4298b23a1a', CAST(N'2016-11-02 00:00:00.000' AS DateTime), N'TestEmail10@mai.ru', 0, N'AHaqAzx0PRwUWv0X4hOtpzHFOWiRJQoncS8cmWOzPhDkk23V2bcIexq8+AvkzYBQLg==', N'49e4d79e-3c79-43f2-b634-af72d118fee9', NULL, 0, 0, NULL, 0, 0, N'User10', 0)
INSERT [dbo].[AspNetUsers] ([Id], [JoinDate], [Email], [EmailConfirmed], [PasswordHash], [SecurityStamp], [PhoneNumber], [PhoneNumberConfirmed], [TwoFactorEnabled], [LockoutEndDateUtc], [LockoutEnabled], [AccessFailedCount], [UserName], [IsPasswordTemp]) VALUES (N'f0a7320c-34d7-4ad1-a158-daf536508a07', CAST(N'2016-11-02 00:00:00.000' AS DateTime), N'TestEmail27@mai.ru', 1, N'AHaqAzx0PRwUWv0X4hOtpzHFOWiRJQoncS8cmWOzPhDkk23V2bcIexq8+AvkzYBQLg==', N'49e4d79e-3c79-43f2-b634-af72d118fee9', NULL, 0, 0, NULL, 0, 0, N'User27', 0)
INSERT [dbo].[AspNetUsers] ([Id], [JoinDate], [Email], [EmailConfirmed], [PasswordHash], [SecurityStamp], [PhoneNumber], [PhoneNumberConfirmed], [TwoFactorEnabled], [LockoutEndDateUtc], [LockoutEnabled], [AccessFailedCount], [UserName], [IsPasswordTemp]) VALUES (N'f256157d-dcd3-4f39-b6df-3434c9f6f413', CAST(N'2016-11-03 00:00:00.000' AS DateTime), N'strill85@mail.ru', 1, N'AHaqAzx0PRwUWv0X4hOtpzHFOWiRJQoncS8cmWOzPhDkk23V2bcIexq8+AvkzYBQLg==', N'7a6cac61-8ed0-4410-980d-2c281ebd3114', NULL, 0, 0, NULL, 0, 0, N'strill85@mail.ru', 0)
INSERT [dbo].[AspNetUserRoles] ([UserId], [RoleId]) VALUES (N'80cc7010-f71f-4e1a-bf7d-b6d20307bd5a', N'759B60DB-0976-4EC1-88F0-0418DB488EE5')
INSERT [dbo].[AspNetUserRoles] ([UserId], [RoleId]) VALUES (N'9a41ff53-d618-4a01-a903-2fd6ced65b61', N'759B60DB-0976-4EC1-88F0-0418DB488EE5')
INSERT [dbo].[AspNetUserRoles] ([UserId], [RoleId]) VALUES (N'0aa0790f-b253-47b4-8567-97243040328e', N'96AE64AD-D797-400D-B732-62DFE09C1185')
INSERT [dbo].[AspNetUserRoles] ([UserId], [RoleId]) VALUES (N'0b5247e5-ab64-4865-8c95-ef98f18b9db0', N'96AE64AD-D797-400D-B732-62DFE09C1185')
INSERT [dbo].[AspNetUserRoles] ([UserId], [RoleId]) VALUES (N'38f1a6a4-75f6-4c73-b53e-d2d83104856c', N'96AE64AD-D797-400D-B732-62DFE09C1185')
INSERT [dbo].[AspNetUserRoles] ([UserId], [RoleId]) VALUES (N'3baac271-c95b-4317-a3f8-4e113daf634e', N'96AE64AD-D797-400D-B732-62DFE09C1185')
INSERT [dbo].[AspNetUserRoles] ([UserId], [RoleId]) VALUES (N'3cc7f304-d150-47db-8e19-a635e0c89d4c', N'96AE64AD-D797-400D-B732-62DFE09C1185')
INSERT [dbo].[AspNetUserRoles] ([UserId], [RoleId]) VALUES (N'418c8806-5826-4e91-b068-30ddcbc0f72a', N'96AE64AD-D797-400D-B732-62DFE09C1185')
INSERT [dbo].[AspNetUserRoles] ([UserId], [RoleId]) VALUES (N'4e6ab987-a627-4c5e-9a40-14224fb9e5f0', N'96AE64AD-D797-400D-B732-62DFE09C1185')
INSERT [dbo].[AspNetUserRoles] ([UserId], [RoleId]) VALUES (N'56fd2065-f848-41b0-b43c-e2a61a3021cc', N'96AE64AD-D797-400D-B732-62DFE09C1185')
INSERT [dbo].[AspNetUserRoles] ([UserId], [RoleId]) VALUES (N'59bff676-a28d-4905-8afa-91f303d26077', N'96AE64AD-D797-400D-B732-62DFE09C1185')
INSERT [dbo].[AspNetUserRoles] ([UserId], [RoleId]) VALUES (N'5a78746b-92b1-48b1-a407-2f4ff50f2a7d', N'96AE64AD-D797-400D-B732-62DFE09C1185')
INSERT [dbo].[AspNetUserRoles] ([UserId], [RoleId]) VALUES (N'5cd0a388-d850-4e97-ab23-bdaa436db9ef', N'96AE64AD-D797-400D-B732-62DFE09C1185')
INSERT [dbo].[AspNetUserRoles] ([UserId], [RoleId]) VALUES (N'643102bc-7387-4846-8016-a02c944341d7', N'96AE64AD-D797-400D-B732-62DFE09C1185')
INSERT [dbo].[AspNetUserRoles] ([UserId], [RoleId]) VALUES (N'6653be1e-8476-4ef6-b032-86d3ed4009f8', N'96AE64AD-D797-400D-B732-62DFE09C1185')
INSERT [dbo].[AspNetUserRoles] ([UserId], [RoleId]) VALUES (N'6b9c85c1-c29c-4593-af1d-9b8711e9579e', N'96AE64AD-D797-400D-B732-62DFE09C1185')
INSERT [dbo].[AspNetUserRoles] ([UserId], [RoleId]) VALUES (N'6fb2cb42-bcff-42b5-9a3a-7626cb8c8a84', N'96AE64AD-D797-400D-B732-62DFE09C1185')
INSERT [dbo].[AspNetUserRoles] ([UserId], [RoleId]) VALUES (N'82097fba-62f3-4f7f-9189-5c38d825bb24', N'96AE64AD-D797-400D-B732-62DFE09C1185')
INSERT [dbo].[AspNetUserRoles] ([UserId], [RoleId]) VALUES (N'82561a23-c6f0-4c18-8255-23a6bcbbdd03', N'96AE64AD-D797-400D-B732-62DFE09C1185')
INSERT [dbo].[AspNetUserRoles] ([UserId], [RoleId]) VALUES (N'8b79baf7-3cd6-461a-aae1-152da69ab711', N'96AE64AD-D797-400D-B732-62DFE09C1185')
INSERT [dbo].[AspNetUserRoles] ([UserId], [RoleId]) VALUES (N'90a7be6e-b39c-41df-9bd6-25e8a3bd143f', N'96AE64AD-D797-400D-B732-62DFE09C1185')
INSERT [dbo].[AspNetUserRoles] ([UserId], [RoleId]) VALUES (N'921f245d-331b-4c84-ad73-57539f039224', N'96AE64AD-D797-400D-B732-62DFE09C1185')
INSERT [dbo].[AspNetUserRoles] ([UserId], [RoleId]) VALUES (N'944d1a0e-1af9-495b-b927-75519d9fcfa9', N'96AE64AD-D797-400D-B732-62DFE09C1185')
INSERT [dbo].[AspNetUserRoles] ([UserId], [RoleId]) VALUES (N'95317887-201f-429f-9874-cd5aeecbd6d8', N'96AE64AD-D797-400D-B732-62DFE09C1185')
INSERT [dbo].[AspNetUserRoles] ([UserId], [RoleId]) VALUES (N'98d0f735-591c-4b4d-9d0b-441955d78bde', N'96AE64AD-D797-400D-B732-62DFE09C1185')
INSERT [dbo].[AspNetUserRoles] ([UserId], [RoleId]) VALUES (N'99ef8fac-a306-49e9-aed0-9e1baa5c1962', N'96AE64AD-D797-400D-B732-62DFE09C1185')
INSERT [dbo].[AspNetUserRoles] ([UserId], [RoleId]) VALUES (N'a3a6bf3f-5e0c-4437-bbe2-132548376b77', N'96AE64AD-D797-400D-B732-62DFE09C1185')
INSERT [dbo].[AspNetUserRoles] ([UserId], [RoleId]) VALUES (N'a4834074-3e48-448e-9173-4be30855b142', N'96AE64AD-D797-400D-B732-62DFE09C1185')
INSERT [dbo].[AspNetUserRoles] ([UserId], [RoleId]) VALUES (N'c7f1d435-c0e0-4e27-bbb7-23b3bc040282', N'96AE64AD-D797-400D-B732-62DFE09C1185')
INSERT [dbo].[AspNetUserRoles] ([UserId], [RoleId]) VALUES (N'dd24fee4-d8f8-4722-8b9a-49fd7036ca9b', N'96AE64AD-D797-400D-B732-62DFE09C1185')
INSERT [dbo].[AspNetUserRoles] ([UserId], [RoleId]) VALUES (N'ddb02bba-4386-4e61-9f89-dbc0052d50f0', N'96AE64AD-D797-400D-B732-62DFE09C1185')
INSERT [dbo].[AspNetUserRoles] ([UserId], [RoleId]) VALUES (N'eab5e1d4-082f-4938-8a0e-e401f364fc38', N'96AE64AD-D797-400D-B732-62DFE09C1185')
INSERT [dbo].[AspNetUserRoles] ([UserId], [RoleId]) VALUES (N'ef2ba75d-1c31-4a46-9b20-df4298b23a1a', N'96AE64AD-D797-400D-B732-62DFE09C1185')
INSERT [dbo].[AspNetUserRoles] ([UserId], [RoleId]) VALUES (N'f0a7320c-34d7-4ad1-a158-daf536508a07', N'96AE64AD-D797-400D-B732-62DFE09C1185')
INSERT [dbo].[AspNetUserRoles] ([UserId], [RoleId]) VALUES (N'2b111d8f-05f0-4fa6-b036-b75b9ced07a8', N'd1c1218e-dc87-495c-add8-48e445fd7c46')
INSERT [dbo].[AspNetUserRoles] ([UserId], [RoleId]) VALUES (N'f256157d-dcd3-4f39-b6df-3434c9f6f413', N'd85784e4-1500-421f-a1ee-4c2b48da488f')
INSERT [dbo].[Regions] ([Id], [Title], [SyncCode1C], [LazuritPasswordHash]) VALUES (N'9a41ff53-d618-4a01-a903-2fd6ced65b61', N'Московская область', N'456', N'EAAAAH9j9UkdBDt9UUI6ahwGm58PU/hSsL+kxgbKSJd5EoCp')
INSERT [dbo].[Regions] ([Id], [Title], [SyncCode1C], [LazuritPasswordHash]) VALUES (N'80cc7010-f71f-4e1a-bf7d-b6d20307bd5a', N'Калининградская область', N'123', N'EAAAAH9j9UkdBDt9UUI6ahwGm58PU/hSsL+kxgbKSJd5EoCp')
INSERT [dbo].[Cities] ([Id], [Title], [RegionId]) VALUES (N'baee0213-d1a6-4c73-8a97-07f624f9dca9', N'Подмосковье', N'9a41ff53-d618-4a01-a903-2fd6ced65b61')
INSERT [dbo].[Cities] ([Id], [Title], [RegionId]) VALUES (N'78d38d79-925a-4131-9c81-9968bea7fdba', N'Черняховск', N'80cc7010-f71f-4e1a-bf7d-b6d20307bd5a')
INSERT [dbo].[Cities] ([Id], [Title], [RegionId]) VALUES (N'6181ac1f-aa9c-41d0-ac6f-abde59ffeb55', N'Калининград', N'80cc7010-f71f-4e1a-bf7d-b6d20307bd5a')
INSERT [dbo].[Cities] ([Id], [Title], [RegionId]) VALUES (N'6f6bd241-c99d-492a-9c68-f7ba3c159e1c', N'Москва', N'9a41ff53-d618-4a01-a903-2fd6ced65b61')
INSERT [dbo].[Showrooms] ([Id], [Title], [CodeAddress], [CodeCity], [SyncCode1C], [RegionId], [CityId]) VALUES (N'fae55283-1757-4b7a-a53a-2a67452d79e6', N'Магазин Гадя', N'888', N'108', N'890', N'9a41ff53-d618-4a01-a903-2fd6ced65b61', N'baee0213-d1a6-4c73-8a97-07f624f9dca9')
INSERT [dbo].[Showrooms] ([Id], [Title], [CodeAddress], [CodeCity], [SyncCode1C], [RegionId], [CityId]) VALUES (N'22a213f3-6f94-438c-b4fa-30b1eb1c84b4', N'Магазин Глаша', N'777', N'107', N'789', N'9a41ff53-d618-4a01-a903-2fd6ced65b61', N'baee0213-d1a6-4c73-8a97-07f624f9dca9')
INSERT [dbo].[Showrooms] ([Id], [Title], [CodeAddress], [CodeCity], [SyncCode1C], [RegionId], [CityId]) VALUES (N'f9207acf-c415-4732-8fa1-7fec0c3bc108', N'Магазин Зоя', N'111', N'101', N'123', N'80cc7010-f71f-4e1a-bf7d-b6d20307bd5a', N'6181ac1f-aa9c-41d0-ac6f-abde59ffeb55')
INSERT [dbo].[Showrooms] ([Id], [Title], [CodeAddress], [CodeCity], [SyncCode1C], [RegionId], [CityId]) VALUES (N'93615b15-8c3c-4912-8108-865cf0cea2e0', N'Магазин Люба', N'333', N'103', N'345', N'80cc7010-f71f-4e1a-bf7d-b6d20307bd5a', N'78d38d79-925a-4131-9c81-9968bea7fdba')
INSERT [dbo].[Showrooms] ([Id], [Title], [CodeAddress], [CodeCity], [SyncCode1C], [RegionId], [CityId]) VALUES (N'92eae59e-3bc5-4ff7-a412-97e3554009d1', N'Магазин Саша', N'555', N'105', N'567', N'9a41ff53-d618-4a01-a903-2fd6ced65b61', N'6f6bd241-c99d-492a-9c68-f7ba3c159e1c')
INSERT [dbo].[Showrooms] ([Id], [Title], [CodeAddress], [CodeCity], [SyncCode1C], [RegionId], [CityId]) VALUES (N'eaa73393-c15f-464e-a06c-b6d111ea5e51', N'Магазин Ира', N'666', N'106', N'678', N'9a41ff53-d618-4a01-a903-2fd6ced65b61', N'6f6bd241-c99d-492a-9c68-f7ba3c159e1c')
INSERT [dbo].[Showrooms] ([Id], [Title], [CodeAddress], [CodeCity], [SyncCode1C], [RegionId], [CityId]) VALUES (N'e44f6aaa-8023-4827-9a8b-d5dfe308a7e0', N'Магазин Рая', N'222', N'102', N'234', N'80cc7010-f71f-4e1a-bf7d-b6d20307bd5a', N'6181ac1f-aa9c-41d0-ac6f-abde59ffeb55')
INSERT [dbo].[Showrooms] ([Id], [Title], [CodeAddress], [CodeCity], [SyncCode1C], [RegionId], [CityId]) VALUES (N'e93b34b4-d523-4aa5-b446-e9a2d8c4de3a', N'Магазин Маша', N'444', N'104', N'456', N'80cc7010-f71f-4e1a-bf7d-b6d20307bd5a', N'78d38d79-925a-4131-9c81-9968bea7fdba')
INSERT [dbo].[UsersProfiles] ([Id], [Title], [Email], [Phone], [FirstName], [LastName], [Address], [SyncCode1C], [Showroom_Id]) VALUES (N'a3a6bf3f-5e0c-4437-bbe2-132548376b77', N'Title', N'TestEmail26@mai.ru', N'89115528695', N'Ибрагим', N'Ибрагимов', N'ул.Победы 1', N'123', NULL)
INSERT [dbo].[UsersProfiles] ([Id], [Title], [Email], [Phone], [FirstName], [LastName], [Address], [SyncCode1C], [Showroom_Id]) VALUES (N'4e6ab987-a627-4c5e-9a40-14224fb9e5f0', N'Title', N'TestEmail6@mai.ru', N'89119528695', N'Данила', N'Данилов', N'ул.Победы 14', N'123', NULL)
INSERT [dbo].[UsersProfiles] ([Id], [Title], [Email], [Phone], [FirstName], [LastName], [Address], [SyncCode1C], [Showroom_Id]) VALUES (N'8b79baf7-3cd6-461a-aae1-152da69ab711', N'Title', N'TestEmail3@mai.ru', N'89116228695', N'Сидр', N'Сидоров', N'ул.Победы 12', N'123', NULL)
INSERT [dbo].[UsersProfiles] ([Id], [Title], [Email], [Phone], [FirstName], [LastName], [Address], [SyncCode1C], [Showroom_Id]) VALUES (N'82561a23-c6f0-4c18-8255-23a6bcbbdd03', N'Title', N'TestEmail18@mai.ru', N'89116529695', N'Даша', N'Донцова', N'ул.Победы 12', N'123', NULL)
INSERT [dbo].[UsersProfiles] ([Id], [Title], [Email], [Phone], [FirstName], [LastName], [Address], [SyncCode1C], [Showroom_Id]) VALUES (N'c7f1d435-c0e0-4e27-bbb7-23b3bc040282', N'Title', N'TestEmail2@mai.ru', N'89116328695', N'Иван', N'Иванов', N'ул.Победы 13', N'123', NULL)
INSERT [dbo].[UsersProfiles] ([Id], [Title], [Email], [Phone], [FirstName], [LastName], [Address], [SyncCode1C], [Showroom_Id]) VALUES (N'90a7be6e-b39c-41df-9bd6-25e8a3bd143f', N'Title', N'TestEmail25@mai.ru', N'89116528695', N'Умма', N'Уманова', N'ул.Победы 19', N'123', NULL)
INSERT [dbo].[UsersProfiles] ([Id], [Title], [Email], [Phone], [FirstName], [LastName], [Address], [SyncCode1C], [Showroom_Id]) VALUES (N'5a78746b-92b1-48b1-a407-2f4ff50f2a7d', N'Title', N'TestEmail4@mai.ru', N'89116928695', N'Дима', N'Димин', N'ул.Победы 11', N'123', NULL)
INSERT [dbo].[UsersProfiles] ([Id], [Title], [Email], [Phone], [FirstName], [LastName], [Address], [SyncCode1C], [Showroom_Id]) VALUES (N'418c8806-5826-4e91-b068-30ddcbc0f72a', N'Title', N'TestEmail21@mai.ru', N'89116528295', N'Марк', N'Марков', N'ул.Победы 19', N'123', NULL)
INSERT [dbo].[UsersProfiles] ([Id], [Title], [Email], [Phone], [FirstName], [LastName], [Address], [SyncCode1C], [Showroom_Id]) VALUES (N'f256157d-dcd3-4f39-b6df-3434c9f6f413', NULL, N'strill85@mail.ru', NULL, NULL, NULL, NULL, NULL, NULL)
INSERT [dbo].[UsersProfiles] ([Id], [Title], [Email], [Phone], [FirstName], [LastName], [Address], [SyncCode1C], [Showroom_Id]) VALUES (N'98d0f735-591c-4b4d-9d0b-441955d78bde', N'Title', N'TestEmail23@mai.ru', N'89116528995', N'Карина', N'Каринова', N'ул.Победы 1а', N'123', NULL)
INSERT [dbo].[UsersProfiles] ([Id], [Title], [Email], [Phone], [FirstName], [LastName], [Address], [SyncCode1C], [Showroom_Id]) VALUES (N'dd24fee4-d8f8-4722-8b9a-49fd7036ca9b', N'Title', N'TestEmail1@mai.ru', N'89116928695', N'Петр', N'Петров', N'ул.Победы 14', N'123', NULL)
INSERT [dbo].[UsersProfiles] ([Id], [Title], [Email], [Phone], [FirstName], [LastName], [Address], [SyncCode1C], [Showroom_Id]) VALUES (N'a4834074-3e48-448e-9173-4be30855b142', N'Title', N'TestEmail32@mai.ru', N'89116828695', N'Клара', N'Кларина', N'ул.Победы 12', N'123', NULL)
INSERT [dbo].[UsersProfiles] ([Id], [Title], [Email], [Phone], [FirstName], [LastName], [Address], [SyncCode1C], [Showroom_Id]) VALUES (N'3baac271-c95b-4317-a3f8-4e113daf634e', N'Title', N'TestEmail14@mai.ru', N'89116525695', N'Ира', N'Иринина', N'ул.Победы 16', N'123', NULL)
INSERT [dbo].[UsersProfiles] ([Id], [Title], [Email], [Phone], [FirstName], [LastName], [Address], [SyncCode1C], [Showroom_Id]) VALUES (N'921f245d-331b-4c84-ad73-57539f039224', N'Title', N'TestEmail17@mai.ru', N'89116528695', N'Таша', N'Ташева', N'ул.Победы 13', N'123', NULL)
INSERT [dbo].[UsersProfiles] ([Id], [Title], [Email], [Phone], [FirstName], [LastName], [Address], [SyncCode1C], [Showroom_Id]) VALUES (N'82097fba-62f3-4f7f-9189-5c38d825bb24', N'Title', N'TestEmail8@mai.ru', N'89115528695', N'Маша', N'Машина', N'ул.Победы 1В', N'123', NULL)
INSERT [dbo].[UsersProfiles] ([Id], [Title], [Email], [Phone], [FirstName], [LastName], [Address], [SyncCode1C], [Showroom_Id]) VALUES (N'944d1a0e-1af9-495b-b927-75519d9fcfa9', N'Title', N'TestEmail28@mai.ru', N'89116598695', N'Михаил', N'Михайлов', N'ул.Победы 15', N'123', NULL)
INSERT [dbo].[UsersProfiles] ([Id], [Title], [Email], [Phone], [FirstName], [LastName], [Address], [SyncCode1C], [Showroom_Id]) VALUES (N'6fb2cb42-bcff-42b5-9a3a-7626cb8c8a84', N'Title', N'TestEmail12@mai.ru', N'89146528695', N'Артем', N'Артемов', N'ул.Победы 18', N'123', NULL)
INSERT [dbo].[UsersProfiles] ([Id], [Title], [Email], [Phone], [FirstName], [LastName], [Address], [SyncCode1C], [Showroom_Id]) VALUES (N'6653be1e-8476-4ef6-b032-86d3ed4009f8', N'Title', N'TestEmail20@mai.ru', N'89116523695', N'Олеся', N'Олесина', N'ул.Победы 111', N'123', NULL)
INSERT [dbo].[UsersProfiles] ([Id], [Title], [Email], [Phone], [FirstName], [LastName], [Address], [SyncCode1C], [Showroom_Id]) VALUES (N'59bff676-a28d-4905-8afa-91f303d26077', N'Title', N'TestEmail24@mai.ru', N'89116528695', N'Алексей', N'Алексеев', N'ул.Победы 1б', N'123', NULL)
INSERT [dbo].[UsersProfiles] ([Id], [Title], [Email], [Phone], [FirstName], [LastName], [Address], [SyncCode1C], [Showroom_Id]) VALUES (N'0aa0790f-b253-47b4-8567-97243040328e', N'Title', N'TestEmail16@mai.ru', N'89116525695', N'Глаша', N'Глашева', N'ул.Победы 14', N'123', NULL)
INSERT [dbo].[UsersProfiles] ([Id], [Title], [Email], [Phone], [FirstName], [LastName], [Address], [SyncCode1C], [Showroom_Id]) VALUES (N'6b9c85c1-c29c-4593-af1d-9b8711e9579e', N'Title', N'TestEmail11@mai.ru', N'89176528695', N'Илья', N'Ильин', N'ул.Победы 19', N'123', NULL)
INSERT [dbo].[UsersProfiles] ([Id], [Title], [Email], [Phone], [FirstName], [LastName], [Address], [SyncCode1C], [Showroom_Id]) VALUES (N'99ef8fac-a306-49e9-aed0-9e1baa5c1962', N'Title', N'TestEmail13@mai.ru', N'89116528695', N'Валерий', N'Валерин', N'ул.Победы 17', N'123', NULL)
INSERT [dbo].[UsersProfiles] ([Id], [Title], [Email], [Phone], [FirstName], [LastName], [Address], [SyncCode1C], [Showroom_Id]) VALUES (N'643102bc-7387-4846-8016-a02c944341d7', N'Title', N'TestEmail5@mai.ru', N'89116828695', N'Саша', N'Сашин', N'ул.Победы 10', N'123', NULL)
INSERT [dbo].[UsersProfiles] ([Id], [Title], [Email], [Phone], [FirstName], [LastName], [Address], [SyncCode1C], [Showroom_Id]) VALUES (N'3cc7f304-d150-47db-8e19-a635e0c89d4c', N'Title', N'TestEmail30@mai.ru', N'89116528695', N'Том', N'Томин', N'ул.Победы 11', N'123', NULL)
INSERT [dbo].[UsersProfiles] ([Id], [Title], [Email], [Phone], [FirstName], [LastName], [Address], [SyncCode1C], [Showroom_Id]) VALUES (N'5cd0a388-d850-4e97-ab23-bdaa436db9ef', N'Title', N'TestEmail31@mai.ru', N'89116628695', N'Рита', N'Ритова', N'ул.Победы 13', N'123', NULL)
INSERT [dbo].[UsersProfiles] ([Id], [Title], [Email], [Phone], [FirstName], [LastName], [Address], [SyncCode1C], [Showroom_Id]) VALUES (N'95317887-201f-429f-9874-cd5aeecbd6d8', N'Title', N'TestEmail22@mai.ru', N'89116528595', N'Катя', N'Катинова', N'ул.Победы 11', N'123', NULL)
INSERT [dbo].[UsersProfiles] ([Id], [Title], [Email], [Phone], [FirstName], [LastName], [Address], [SyncCode1C], [Showroom_Id]) VALUES (N'38f1a6a4-75f6-4c73-b53e-d2d83104856c', N'Title', N'TestEmail19@mai.ru', N'89116526695', N'Валдимир', N'Владимиров', N'ул.Победы 1', N'123', NULL)
INSERT [dbo].[UsersProfiles] ([Id], [Title], [Email], [Phone], [FirstName], [LastName], [Address], [SyncCode1C], [Showroom_Id]) VALUES (N'f0a7320c-34d7-4ad1-a158-daf536508a07', N'Title', N'TestEmail27@mai.ru', N'89113528695', N'Роман', N'Романов', N'ул.Победы 18', N'123', NULL)
INSERT [dbo].[UsersProfiles] ([Id], [Title], [Email], [Phone], [FirstName], [LastName], [Address], [SyncCode1C], [Showroom_Id]) VALUES (N'ddb02bba-4386-4e61-9f89-dbc0052d50f0', N'Title', N'TestEmail29@mai.ru', N'89116528695', N'Степан', N'Степанов', N'ул.Победы 17', N'123', NULL)
INSERT [dbo].[UsersProfiles] ([Id], [Title], [Email], [Phone], [FirstName], [LastName], [Address], [SyncCode1C], [Showroom_Id]) VALUES (N'ef2ba75d-1c31-4a46-9b20-df4298b23a1a', N'Title', N'TestEmail10@mai.ru', N'89126528695', N'Роберт', N'Робертов', N'ул.Победы 10', N'123', NULL)
INSERT [dbo].[UsersProfiles] ([Id], [Title], [Email], [Phone], [FirstName], [LastName], [Address], [SyncCode1C], [Showroom_Id]) VALUES (N'56fd2065-f848-41b0-b43c-e2a61a3021cc', N'Title', N'TestEmail15@mai.ru', N'89116522695', N'Ксения', N'Ксенина', N'ул.Победы 15', N'123', NULL)
INSERT [dbo].[UsersProfiles] ([Id], [Title], [Email], [Phone], [FirstName], [LastName], [Address], [SyncCode1C], [Showroom_Id]) VALUES (N'eab5e1d4-082f-4938-8a0e-e401f364fc38', N'Title', N'TestEmail9@mai.ru', N'89115528695', N'Оля', N'Оляева', N'ул.Победы 1Б', N'123', NULL)
INSERT [dbo].[UsersProfiles] ([Id], [Title], [Email], [Phone], [FirstName], [LastName], [Address], [SyncCode1C], [Showroom_Id]) VALUES (N'0b5247e5-ab64-4865-8c95-ef98f18b9db0', N'Title', N'TestEmail7@mai.ru', N'89112528695', N'Костя', N'Костин', N'ул.Победы 1а', N'123', NULL)
INSERT [dbo].[UsersToShowRoom] ([UserId], [ShowRoomId]) VALUES (N'a4834074-3e48-448e-9173-4be30855b142', N'fae55283-1757-4b7a-a53a-2a67452d79e6')
INSERT [dbo].[UsersToShowRoom] ([UserId], [ShowRoomId]) VALUES (N'944d1a0e-1af9-495b-b927-75519d9fcfa9', N'fae55283-1757-4b7a-a53a-2a67452d79e6')
INSERT [dbo].[UsersToShowRoom] ([UserId], [ShowRoomId]) VALUES (N'6653be1e-8476-4ef6-b032-86d3ed4009f8', N'fae55283-1757-4b7a-a53a-2a67452d79e6')
INSERT [dbo].[UsersToShowRoom] ([UserId], [ShowRoomId]) VALUES (N'59bff676-a28d-4905-8afa-91f303d26077', N'fae55283-1757-4b7a-a53a-2a67452d79e6')
INSERT [dbo].[UsersToShowRoom] ([UserId], [ShowRoomId]) VALUES (N'98d0f735-591c-4b4d-9d0b-441955d78bde', N'22a213f3-6f94-438c-b4fa-30b1eb1c84b4')
INSERT [dbo].[UsersToShowRoom] ([UserId], [ShowRoomId]) VALUES (N'5cd0a388-d850-4e97-ab23-bdaa436db9ef', N'22a213f3-6f94-438c-b4fa-30b1eb1c84b4')
INSERT [dbo].[UsersToShowRoom] ([UserId], [ShowRoomId]) VALUES (N'38f1a6a4-75f6-4c73-b53e-d2d83104856c', N'22a213f3-6f94-438c-b4fa-30b1eb1c84b4')
INSERT [dbo].[UsersToShowRoom] ([UserId], [ShowRoomId]) VALUES (N'f0a7320c-34d7-4ad1-a158-daf536508a07', N'22a213f3-6f94-438c-b4fa-30b1eb1c84b4')
INSERT [dbo].[UsersToShowRoom] ([UserId], [ShowRoomId]) VALUES (N'dd24fee4-d8f8-4722-8b9a-49fd7036ca9b', N'f9207acf-c415-4732-8fa1-7fec0c3bc108')
INSERT [dbo].[UsersToShowRoom] ([UserId], [ShowRoomId]) VALUES (N'99ef8fac-a306-49e9-aed0-9e1baa5c1962', N'f9207acf-c415-4732-8fa1-7fec0c3bc108')
INSERT [dbo].[UsersToShowRoom] ([UserId], [ShowRoomId]) VALUES (N'643102bc-7387-4846-8016-a02c944341d7', N'f9207acf-c415-4732-8fa1-7fec0c3bc108')
INSERT [dbo].[UsersToShowRoom] ([UserId], [ShowRoomId]) VALUES (N'eab5e1d4-082f-4938-8a0e-e401f364fc38', N'f9207acf-c415-4732-8fa1-7fec0c3bc108')
INSERT [dbo].[UsersToShowRoom] ([UserId], [ShowRoomId]) VALUES (N'8b79baf7-3cd6-461a-aae1-152da69ab711', N'93615b15-8c3c-4912-8108-865cf0cea2e0')
INSERT [dbo].[UsersToShowRoom] ([UserId], [ShowRoomId]) VALUES (N'6b9c85c1-c29c-4593-af1d-9b8711e9579e', N'93615b15-8c3c-4912-8108-865cf0cea2e0')
INSERT [dbo].[UsersToShowRoom] ([UserId], [ShowRoomId]) VALUES (N'56fd2065-f848-41b0-b43c-e2a61a3021cc', N'93615b15-8c3c-4912-8108-865cf0cea2e0')
INSERT [dbo].[UsersToShowRoom] ([UserId], [ShowRoomId]) VALUES (N'0b5247e5-ab64-4865-8c95-ef98f18b9db0', N'93615b15-8c3c-4912-8108-865cf0cea2e0')
INSERT [dbo].[UsersToShowRoom] ([UserId], [ShowRoomId]) VALUES (N'90a7be6e-b39c-41df-9bd6-25e8a3bd143f', N'92eae59e-3bc5-4ff7-a412-97e3554009d1')
INSERT [dbo].[UsersToShowRoom] ([UserId], [ShowRoomId]) VALUES (N'418c8806-5826-4e91-b068-30ddcbc0f72a', N'92eae59e-3bc5-4ff7-a412-97e3554009d1')
INSERT [dbo].[UsersToShowRoom] ([UserId], [ShowRoomId]) VALUES (N'921f245d-331b-4c84-ad73-57539f039224', N'92eae59e-3bc5-4ff7-a412-97e3554009d1')
INSERT [dbo].[UsersToShowRoom] ([UserId], [ShowRoomId]) VALUES (N'ddb02bba-4386-4e61-9f89-dbc0052d50f0', N'92eae59e-3bc5-4ff7-a412-97e3554009d1')
INSERT [dbo].[UsersToShowRoom] ([UserId], [ShowRoomId]) VALUES (N'a3a6bf3f-5e0c-4437-bbe2-132548376b77', N'eaa73393-c15f-464e-a06c-b6d111ea5e51')
INSERT [dbo].[UsersToShowRoom] ([UserId], [ShowRoomId]) VALUES (N'82561a23-c6f0-4c18-8255-23a6bcbbdd03', N'eaa73393-c15f-464e-a06c-b6d111ea5e51')
INSERT [dbo].[UsersToShowRoom] ([UserId], [ShowRoomId]) VALUES (N'3cc7f304-d150-47db-8e19-a635e0c89d4c', N'eaa73393-c15f-464e-a06c-b6d111ea5e51')
INSERT [dbo].[UsersToShowRoom] ([UserId], [ShowRoomId]) VALUES (N'95317887-201f-429f-9874-cd5aeecbd6d8', N'eaa73393-c15f-464e-a06c-b6d111ea5e51')
INSERT [dbo].[UsersToShowRoom] ([UserId], [ShowRoomId]) VALUES (N'4e6ab987-a627-4c5e-9a40-14224fb9e5f0', N'e44f6aaa-8023-4827-9a8b-d5dfe308a7e0')
INSERT [dbo].[UsersToShowRoom] ([UserId], [ShowRoomId]) VALUES (N'c7f1d435-c0e0-4e27-bbb7-23b3bc040282', N'e44f6aaa-8023-4827-9a8b-d5dfe308a7e0')
INSERT [dbo].[UsersToShowRoom] ([UserId], [ShowRoomId]) VALUES (N'3baac271-c95b-4317-a3f8-4e113daf634e', N'e44f6aaa-8023-4827-9a8b-d5dfe308a7e0')
INSERT [dbo].[UsersToShowRoom] ([UserId], [ShowRoomId]) VALUES (N'ef2ba75d-1c31-4a46-9b20-df4298b23a1a', N'e44f6aaa-8023-4827-9a8b-d5dfe308a7e0')
INSERT [dbo].[UsersToShowRoom] ([UserId], [ShowRoomId]) VALUES (N'5a78746b-92b1-48b1-a407-2f4ff50f2a7d', N'e93b34b4-d523-4aa5-b446-e9a2d8c4de3a')
INSERT [dbo].[UsersToShowRoom] ([UserId], [ShowRoomId]) VALUES (N'82097fba-62f3-4f7f-9189-5c38d825bb24', N'e93b34b4-d523-4aa5-b446-e9a2d8c4de3a')
INSERT [dbo].[UsersToShowRoom] ([UserId], [ShowRoomId]) VALUES (N'6fb2cb42-bcff-42b5-9a3a-7626cb8c8a84', N'e93b34b4-d523-4aa5-b446-e9a2d8c4de3a')
INSERT [dbo].[UsersToShowRoom] ([UserId], [ShowRoomId]) VALUES (N'0aa0790f-b253-47b4-8567-97243040328e', N'e93b34b4-d523-4aa5-b446-e9a2d8c4de3a')
INSERT [dbo].[UserProfileRegions] ([UserProfile_Id], [Region_Id]) VALUES (N'a3a6bf3f-5e0c-4437-bbe2-132548376b77', N'9a41ff53-d618-4a01-a903-2fd6ced65b61')
INSERT [dbo].[UserProfileRegions] ([UserProfile_Id], [Region_Id]) VALUES (N'82561a23-c6f0-4c18-8255-23a6bcbbdd03', N'9a41ff53-d618-4a01-a903-2fd6ced65b61')
INSERT [dbo].[UserProfileRegions] ([UserProfile_Id], [Region_Id]) VALUES (N'90a7be6e-b39c-41df-9bd6-25e8a3bd143f', N'9a41ff53-d618-4a01-a903-2fd6ced65b61')
INSERT [dbo].[UserProfileRegions] ([UserProfile_Id], [Region_Id]) VALUES (N'418c8806-5826-4e91-b068-30ddcbc0f72a', N'9a41ff53-d618-4a01-a903-2fd6ced65b61')
INSERT [dbo].[UserProfileRegions] ([UserProfile_Id], [Region_Id]) VALUES (N'98d0f735-591c-4b4d-9d0b-441955d78bde', N'9a41ff53-d618-4a01-a903-2fd6ced65b61')
INSERT [dbo].[UserProfileRegions] ([UserProfile_Id], [Region_Id]) VALUES (N'a4834074-3e48-448e-9173-4be30855b142', N'9a41ff53-d618-4a01-a903-2fd6ced65b61')
INSERT [dbo].[UserProfileRegions] ([UserProfile_Id], [Region_Id]) VALUES (N'921f245d-331b-4c84-ad73-57539f039224', N'9a41ff53-d618-4a01-a903-2fd6ced65b61')
INSERT [dbo].[UserProfileRegions] ([UserProfile_Id], [Region_Id]) VALUES (N'944d1a0e-1af9-495b-b927-75519d9fcfa9', N'9a41ff53-d618-4a01-a903-2fd6ced65b61')
INSERT [dbo].[UserProfileRegions] ([UserProfile_Id], [Region_Id]) VALUES (N'6653be1e-8476-4ef6-b032-86d3ed4009f8', N'9a41ff53-d618-4a01-a903-2fd6ced65b61')
INSERT [dbo].[UserProfileRegions] ([UserProfile_Id], [Region_Id]) VALUES (N'59bff676-a28d-4905-8afa-91f303d26077', N'9a41ff53-d618-4a01-a903-2fd6ced65b61')
INSERT [dbo].[UserProfileRegions] ([UserProfile_Id], [Region_Id]) VALUES (N'3cc7f304-d150-47db-8e19-a635e0c89d4c', N'9a41ff53-d618-4a01-a903-2fd6ced65b61')
INSERT [dbo].[UserProfileRegions] ([UserProfile_Id], [Region_Id]) VALUES (N'5cd0a388-d850-4e97-ab23-bdaa436db9ef', N'9a41ff53-d618-4a01-a903-2fd6ced65b61')
INSERT [dbo].[UserProfileRegions] ([UserProfile_Id], [Region_Id]) VALUES (N'95317887-201f-429f-9874-cd5aeecbd6d8', N'9a41ff53-d618-4a01-a903-2fd6ced65b61')
INSERT [dbo].[UserProfileRegions] ([UserProfile_Id], [Region_Id]) VALUES (N'38f1a6a4-75f6-4c73-b53e-d2d83104856c', N'9a41ff53-d618-4a01-a903-2fd6ced65b61')
INSERT [dbo].[UserProfileRegions] ([UserProfile_Id], [Region_Id]) VALUES (N'f0a7320c-34d7-4ad1-a158-daf536508a07', N'9a41ff53-d618-4a01-a903-2fd6ced65b61')
INSERT [dbo].[UserProfileRegions] ([UserProfile_Id], [Region_Id]) VALUES (N'ddb02bba-4386-4e61-9f89-dbc0052d50f0', N'9a41ff53-d618-4a01-a903-2fd6ced65b61')
INSERT [dbo].[UserProfileRegions] ([UserProfile_Id], [Region_Id]) VALUES (N'4e6ab987-a627-4c5e-9a40-14224fb9e5f0', N'80cc7010-f71f-4e1a-bf7d-b6d20307bd5a')
INSERT [dbo].[UserProfileRegions] ([UserProfile_Id], [Region_Id]) VALUES (N'8b79baf7-3cd6-461a-aae1-152da69ab711', N'80cc7010-f71f-4e1a-bf7d-b6d20307bd5a')
INSERT [dbo].[UserProfileRegions] ([UserProfile_Id], [Region_Id]) VALUES (N'c7f1d435-c0e0-4e27-bbb7-23b3bc040282', N'80cc7010-f71f-4e1a-bf7d-b6d20307bd5a')
INSERT [dbo].[UserProfileRegions] ([UserProfile_Id], [Region_Id]) VALUES (N'5a78746b-92b1-48b1-a407-2f4ff50f2a7d', N'80cc7010-f71f-4e1a-bf7d-b6d20307bd5a')
INSERT [dbo].[UserProfileRegions] ([UserProfile_Id], [Region_Id]) VALUES (N'dd24fee4-d8f8-4722-8b9a-49fd7036ca9b', N'80cc7010-f71f-4e1a-bf7d-b6d20307bd5a')
INSERT [dbo].[UserProfileRegions] ([UserProfile_Id], [Region_Id]) VALUES (N'3baac271-c95b-4317-a3f8-4e113daf634e', N'80cc7010-f71f-4e1a-bf7d-b6d20307bd5a')
INSERT [dbo].[UserProfileRegions] ([UserProfile_Id], [Region_Id]) VALUES (N'82097fba-62f3-4f7f-9189-5c38d825bb24', N'80cc7010-f71f-4e1a-bf7d-b6d20307bd5a')
INSERT [dbo].[UserProfileRegions] ([UserProfile_Id], [Region_Id]) VALUES (N'6fb2cb42-bcff-42b5-9a3a-7626cb8c8a84', N'80cc7010-f71f-4e1a-bf7d-b6d20307bd5a')
INSERT [dbo].[UserProfileRegions] ([UserProfile_Id], [Region_Id]) VALUES (N'0aa0790f-b253-47b4-8567-97243040328e', N'80cc7010-f71f-4e1a-bf7d-b6d20307bd5a')
INSERT [dbo].[UserProfileRegions] ([UserProfile_Id], [Region_Id]) VALUES (N'6b9c85c1-c29c-4593-af1d-9b8711e9579e', N'80cc7010-f71f-4e1a-bf7d-b6d20307bd5a')
INSERT [dbo].[UserProfileRegions] ([UserProfile_Id], [Region_Id]) VALUES (N'99ef8fac-a306-49e9-aed0-9e1baa5c1962', N'80cc7010-f71f-4e1a-bf7d-b6d20307bd5a')
INSERT [dbo].[UserProfileRegions] ([UserProfile_Id], [Region_Id]) VALUES (N'643102bc-7387-4846-8016-a02c944341d7', N'80cc7010-f71f-4e1a-bf7d-b6d20307bd5a')
INSERT [dbo].[UserProfileRegions] ([UserProfile_Id], [Region_Id]) VALUES (N'ef2ba75d-1c31-4a46-9b20-df4298b23a1a', N'80cc7010-f71f-4e1a-bf7d-b6d20307bd5a')
INSERT [dbo].[UserProfileRegions] ([UserProfile_Id], [Region_Id]) VALUES (N'56fd2065-f848-41b0-b43c-e2a61a3021cc', N'80cc7010-f71f-4e1a-bf7d-b6d20307bd5a')
INSERT [dbo].[UserProfileRegions] ([UserProfile_Id], [Region_Id]) VALUES (N'eab5e1d4-082f-4938-8a0e-e401f364fc38', N'80cc7010-f71f-4e1a-bf7d-b6d20307bd5a')
INSERT [dbo].[UserProfileRegions] ([UserProfile_Id], [Region_Id]) VALUES (N'0b5247e5-ab64-4865-8c95-ef98f18b9db0', N'80cc7010-f71f-4e1a-bf7d-b6d20307bd5a')
INSERT [dbo].[Settings] ([Id], [Name], [Title], [Value]) VALUES (N'b2696b76-2d6b-4911-ab44-08846cbe1416', N'UserNameCredential', NULL, N'LazuritTest')
INSERT [dbo].[Settings] ([Id], [Name], [Title], [Value]) VALUES (N'0b6ded2c-807b-4ca8-9bc4-386275bfa7ef', N'PasswordCredential', NULL, N'Lazurit')
INSERT [dbo].[Settings] ([Id], [Name], [Title], [Value]) VALUES (N'a7ceac75-030d-4001-932a-486b8696bbd9', N'SmtpHost', NULL, N'smtp.yandex.ru')
INSERT [dbo].[Settings] ([Id], [Name], [Title], [Value]) VALUES (N'7543c003-ebe3-49a2-8f09-65da62d8a20f', N'FromMail', NULL, N'LazuritTest@yandex.ru')
INSERT [dbo].[Settings] ([Id], [Name], [Title], [Value]) VALUES (N'1529164a-2aa8-4ff2-91a5-83ce30f1935d', N'SmtpPort', NULL, N'25')



--SELECT * FROM AspNetUsers order by email
--select * from UsersProfiles order by email

--declare @email nvarchar(50) = 'kobyb@mail.ru';
--delete from AspNetUsers where Email = @email;
--delete from UsersProfiles where email = @email;

--update [UsersProfiles]  set [Showroom_Id] = (select top 1 sr.[ShowRoomId] from [dbo].[UsersToShowRoom] as sr where sr.[UserId] = [UsersProfiles].Id)



--INSERT [dbo].[Settings] ([Id], [Name], [Title], [Value]) VALUES (N'b2696b76-2d6b-4911-ab44-08846cbe1416', N'UserNameCredential', NULL, N'LazuritTest')

--INSERT [dbo].[Settings] ([Id], [Name], [Title], [Value]) VALUES (N'0b6ded2c-807b-4ca8-9bc4-386275bfa7ef', N'PasswordCredential', NULL, N'Lazurit')

--INSERT [dbo].[Settings] ([Id], [Name], [Title], [Value]) VALUES (N'a7ceac75-030d-4001-932a-486b8696bbd9', N'SmtpHost', NULL, N'smtp.yandex.ru')

--INSERT [dbo].[Settings] ([Id], [Name], [Title], [Value]) VALUES (N'7543c003-ebe3-49a2-8f09-65da62d8a20f', N'FromMail', NULL, N'LazuritTest@yandex.ru')

--INSERT [dbo].[Settings] ([Id], [Name], [Title], [Value]) VALUES (N'1529164a-2aa8-4ff2-91a5-83ce30f1935d', N'SmtpPort', NULL, N'25')

